{"cameraMode":{"drawMode":0,"name":"Shaded","section":"Shading Mode"},"sceneLighting":true,"audioPlay":false,"sceneViewState":{"m_AlwaysRefresh":false,"showFog":true,"showSkybox":true,"showFlares":true,"showImageEffects":true,"showParticleSystems":true,"showVisualEffectGraphs":true,"m_FxEnabled":false},"in2DMode":false,"pivot":{"x":-0.032059792429208758,"y":1.5947717428207398,"z":0.3898245096206665},"rotation":{"x":0.10249046981334686,"y":-0.45420151948928835,"z":0.05269487574696541,"w":0.8834143877029419},"size":2.681586742401123,"orthographic":false}